{
  "GBP/USD|SELL": 1778693846.700291,
  "USD/JPY|BUY": 1778693846.700291,
  "USD/CAD|BUY": 1778712200.458527,
  "EUR/GBP|SELL": 1778712200.458527,
  "GBP/JPY|SELL": 1778665333.167377,
  "XAU/USD|SELL": 1778665333.167377,
  "XAG/USD|BUY": 1778712200.458527,
  "UKOIL/USD|BUY": 1778665333.167377,
  "USOIL/USD|BUY": 1778665333.167377,
  "pending_validations": [
    {
      "sym": "NZD/USD",
      "signal": "SELL",
      "entry_price": 0.58693,
      "sl": 0.5882555446789629,
      "tp": 0.584278910642074,
      "sent_at": 1778829927.831546,
      "message_id": 81,
      "checkpoints": [
        {
          "hours": 1,
          "at": 1778833527.831546,
          "done": false
        }
      ],
      "indicators": {
        "rsi": 1,
        "ema": -1,
        "macd": -0.31,
        "bb": 0,
        "mom": -0.6,
        "inter": -0.71
      },
      "regime": "TREND",
      "hurst": 0.583,
      "aligned": 3,
      "consensus": true
    },
    {
      "sym": "EUR/JPY",
      "signal": "SELL",
      "entry_price": 184.43099975585938,
      "sl": 184.6880375919512,
      "tp": 183.9169240836757,
      "sent_at": 1778829927.831546,
      "message_id": 82,
      "checkpoints": [
        {
          "hours": 1,
          "at": 1778833527.831546,
          "done": false
        }
      ],
      "indicators": {
        "rsi": 1,
        "ema": -1,
        "macd": -0.48,
        "bb": 0,
        "mom": -0.6,
        "inter": 0.0
      },
      "regime": "RANGE",
      "hurst": 0.335,
      "aligned": 3,
      "consensus": true
    }
  ],
  "USD/CHF|BUY": 1778693846.700291,
  "NZD/USD|SELL": 1778829927.831546,
  "EUR/USD|SELL": 1778693846.700291,
  "AUD/USD|BUY": 1778712200.458527,
  "EUR/JPY|SELL": 1778829927.831546,
  "GBP/JPY|BUY": 1778712200.458527,
  "UKOIL/USD|SELL": 1778712200.458527,
  "USOIL/USD|SELL": 1778712200.458527
}