{
  "GBP/USD|SELL": 1778665333.167377,
  "USD/JPY|BUY": 1778665333.167377,
  "USD/CAD|BUY": 1778665333.167377,
  "EUR/GBP|SELL": 1778665333.167377,
  "GBP/JPY|SELL": 1778665333.167377,
  "XAU/USD|SELL": 1778665333.167377,
  "XAG/USD|BUY": 1778665333.167377,
  "UKOIL/USD|BUY": 1778665333.167377,
  "USOIL/USD|BUY": 1778665333.167377
}