{
  "GBP/USD|SELL": 1778693846.700291,
  "USD/JPY|BUY": 1778693846.700291,
  "USD/CAD|BUY": 1778712200.458527,
  "EUR/GBP|SELL": 1778712200.458527,
  "GBP/JPY|SELL": 1778665333.167377,
  "XAU/USD|SELL": 1778665333.167377,
  "XAG/USD|BUY": 1778712200.458527,
  "UKOIL/USD|BUY": 1778665333.167377,
  "USOIL/USD|BUY": 1778665333.167377,
  "pending_validations": [],
  "USD/CHF|BUY": 1778693846.700291,
  "NZD/USD|SELL": 1778693846.700291,
  "EUR/USD|SELL": 1778693846.700291,
  "AUD/USD|BUY": 1778712200.458527,
  "EUR/JPY|SELL": 1778693846.700291,
  "GBP/JPY|BUY": 1778712200.458527,
  "UKOIL/USD|SELL": 1778712200.458527,
  "USOIL/USD|SELL": 1778712200.458527
}