{
  "GBP/USD|SELL": 1778693846.700291,
  "USD/JPY|BUY": 1778693846.700291,
  "USD/CAD|BUY": 1778712200.458527,
  "EUR/GBP|SELL": 1778968862.131454,
  "GBP/JPY|SELL": 1778665333.167377,
  "XAU/USD|SELL": 1778850067.127447,
  "XAG/USD|BUY": 1778712200.458527,
  "UKOIL/USD|BUY": 1778860864.322078,
  "USOIL/USD|BUY": 1778665333.167377,
  "pending_validations": [
    {
      "sym": "USD/JPY",
      "signal": "SELL",
      "entry_price": 158.76476,
      "sl": 158.88452170223042,
      "tp": 158.52523659553916,
      "sent_at": 1778968862.131454,
      "message_id": 122,
      "checkpoints": [
        {
          "hours": 1,
          "at": 1778972462.131454,
          "done": true
        }
      ],
      "indicators": {
        "rsi": -1,
        "ema": 1,
        "macd": -0.36,
        "bb": 0,
        "mom": -0.6,
        "inter": 0.97
      },
      "regime": "RANGE",
      "hurst": 0.328,
      "aligned": 3,
      "consensus": true
    },
    {
      "sym": "EUR/GBP",
      "signal": "SELL",
      "entry_price": 0.87222,
      "sl": 0.8727665045536487,
      "tp": 0.8711269908927027,
      "sent_at": 1778968862.131454,
      "message_id": 123,
      "checkpoints": [
        {
          "hours": 1,
          "at": 1778972462.131454,
          "done": true
        }
      ],
      "indicators": {
        "rsi": -1,
        "ema": 1,
        "macd": -0.32,
        "bb": 1,
        "mom": -0.6,
        "inter": 0.0
      },
      "regime": "RANGE",
      "hurst": 0.192,
      "aligned": 3,
      "consensus": true
    },
    {
      "sym": "EUR/USD",
      "signal": "BUY",
      "entry_price": 1.16239,
      "sl": 1.1618195931151722,
      "tp": 1.1635308137696554,
      "sent_at": 1778972458.279356,
      "message_id": 124,
      "checkpoints": [
        {
          "hours": 1,
          "at": 1778976058.279356,
          "done": false
        }
      ],
      "indicators": {
        "rsi": 1,
        "ema": -1,
        "macd": 0.27,
        "bb": 1,
        "mom": -0.2,
        "inter": -0.97
      },
      "regime": "RANGE",
      "hurst": 0.39,
      "aligned": 3,
      "consensus": true
    },
    {
      "sym": "USD/CAD",
      "signal": "SELL",
      "entry_price": 1.37526,
      "sl": 1.3758568393979986,
      "tp": 1.3740663212040027,
      "sent_at": 1778972458.279356,
      "message_id": 125,
      "checkpoints": [
        {
          "hours": 1,
          "at": 1778976058.279356,
          "done": false
        }
      ],
      "indicators": {
        "rsi": -1,
        "ema": 1,
        "macd": -0.18,
        "bb": -1,
        "mom": 0.2,
        "inter": 0.4
      },
      "regime": "RANGE",
      "hurst": 0.174,
      "aligned": 3,
      "consensus": true
    }
  ],
  "USD/CHF|BUY": 1778693846.700291,
  "NZD/USD|SELL": 1778844654.428844,
  "EUR/USD|SELL": 1778693846.700291,
  "AUD/USD|BUY": 1778712200.458527,
  "EUR/JPY|SELL": 1778850067.127447,
  "GBP/JPY|BUY": 1778960997.046238,
  "UKOIL/USD|SELL": 1778712200.458527,
  "USOIL/USD|SELL": 1778712200.458527,
  "results": [
    {
      "sym": "NZD/USD",
      "signal": "SELL",
      "correct": true,
      "date": "2026-05-15",
      "regime": "TREND"
    },
    {
      "sym": "EUR/JPY",
      "signal": "SELL",
      "correct": true,
      "date": "2026-05-15",
      "regime": "RANGE"
    },
    {
      "sym": "XAU/USD",
      "signal": "SELL",
      "correct": true,
      "date": "2026-05-15",
      "regime": "NEUTRAL"
    },
    {
      "sym": "UKOIL/USD",
      "signal": "BUY",
      "correct": true,
      "date": "2026-05-15",
      "regime": "RANGE"
    },
    {
      "sym": "EUR/GBP",
      "signal": "SELL",
      "correct": true,
      "date": "2026-05-15",
      "regime": "NEUTRAL"
    },
    {
      "sym": "NZD/USD",
      "signal": "SELL",
      "correct": true,
      "date": "2026-05-15",
      "regime": "TREND"
    },
    {
      "sym": "AUD/USD",
      "signal": "SELL",
      "correct": false,
      "date": "2026-05-15",
      "regime": "RANGE"
    },
    {
      "sym": "EUR/JPY",
      "signal": "SELL",
      "correct": false,
      "date": "2026-05-15",
      "regime": "RANGE"
    },
    {
      "sym": "XAU/USD",
      "signal": "SELL",
      "correct": false,
      "date": "2026-05-15",
      "regime": "TREND"
    },
    {
      "sym": "XAG/USD",
      "signal": "SELL",
      "correct": false,
      "date": "2026-05-15",
      "regime": "RANGE"
    },
    {
      "sym": "UKOIL/USD",
      "signal": "BUY",
      "correct": false,
      "date": "2026-05-15",
      "regime": "RANGE"
    },
    {
      "sym": "EUR/USD",
      "signal": "BUY",
      "correct": true,
      "date": "2026-05-16",
      "regime": "RANGE"
    },
    {
      "sym": "GBP/USD",
      "signal": "BUY",
      "correct": false,
      "date": "2026-05-16",
      "regime": "NEUTRAL"
    },
    {
      "sym": "XAU/USD",
      "signal": "BUY",
      "correct": true,
      "date": "2026-05-16",
      "regime": "NEUTRAL"
    },
    {
      "sym": "EUR/USD",
      "signal": "BUY",
      "correct": true,
      "date": "2026-05-16",
      "regime": "NEUTRAL"
    },
    {
      "sym": "GBP/USD",
      "signal": "BUY",
      "correct": false,
      "date": "2026-05-16",
      "regime": "NEUTRAL"
    },
    {
      "sym": "EUR/GBP",
      "signal": "SELL",
      "correct": false,
      "date": "2026-05-16",
      "regime": "RANGE"
    },
    {
      "sym": "USD/CHF",
      "signal": "SELL",
      "correct": true,
      "date": "2026-05-16",
      "regime": "RANGE"
    },
    {
      "sym": "USD/CHF",
      "signal": "SELL",
      "correct": true,
      "date": "2026-05-17",
      "regime": "RANGE"
    },
    {
      "sym": "GBP/JPY",
      "signal": "BUY",
      "correct": true,
      "date": "2026-05-17",
      "regime": "RANGE"
    },
    {
      "sym": "USD/JPY",
      "signal": "SELL",
      "correct": true,
      "date": "2026-05-17",
      "regime": "RANGE"
    },
    {
      "sym": "EUR/GBP",
      "signal": "SELL",
      "correct": false,
      "date": "2026-05-17",
      "regime": "RANGE"
    }
  ],
  "AUD/USD|SELL": 1778848251.923718,
  "XAG/USD|SELL": 1778853666.940891,
  "EUR/USD|BUY": 1778972458.279356,
  "GBP/USD|BUY": 1778920247.574108,
  "XAU/USD|BUY": 1778902253.485998,
  "USD/CHF|SELL": 1778950862.949839,
  "USD/JPY|SELL": 1778968862.131454,
  "USD/CAD|SELL": 1778972458.279356
}