{
  "GBP/USD|SELL": 1779057049.881722,
  "USD/JPY|BUY": 1779066064.923412,
  "USD/CAD|BUY": 1779060650.882327,
  "EUR/GBP|SELL": 1779019262.791257,
  "GBP/JPY|SELL": 1779022857.748863,
  "XAU/USD|SELL": 1778850067.127447,
  "XAG/USD|BUY": 1778712200.458527,
  "UKOIL/USD|BUY": 1779059689.579696,
  "USOIL/USD|BUY": 1779067852.924825,
  "pending_validations": [
    {
      "sym": "NZD/USD",
      "signal": "SELL",
      "entry_price": 0.58312,
      "sl": 0.5841194387598655,
      "tp": 0.5811211224802689,
      "sent_at": 1779062468.994947,
      "message_id": 156,
      "checkpoints": [
        {
          "hours": 1,
          "at": 1779066068.994947,
          "done": true
        }
      ],
      "indicators": {
        "rsi": 1,
        "ema": -1,
        "macd": -0.17,
        "bb": 1,
        "mom": -0.6,
        "inter": -0.97
      },
      "regime": "RANGE",
      "hurst": 0.083,
      "aligned": 3,
      "consensus": true
    },
    {
      "sym": "USD/JPY",
      "signal": "BUY",
      "entry_price": 158.93847,
      "sl": 158.74982120796457,
      "tp": 159.3157675840708,
      "sent_at": 1779066064.923412,
      "message_id": 161,
      "checkpoints": [
        {
          "hours": 1,
          "at": 1779069664.923412,
          "done": false
        }
      ],
      "indicators": {
        "rsi": -1,
        "ema": 1,
        "macd": 1.0,
        "bb": -1,
        "mom": 0.6,
        "inter": 0.97
      },
      "regime": "RANGE",
      "hurst": 0.0,
      "aligned": 3,
      "consensus": true
    },
    {
      "sym": "USD/CHF",
      "signal": "BUY",
      "entry_price": 0.78743,
      "sl": 0.7867074248626794,
      "tp": 0.7888751502746412,
      "sent_at": 1779067852.924825,
      "message_id": 163,
      "checkpoints": [
        {
          "hours": 1,
          "at": 1779071452.924825,
          "done": false
        }
      ],
      "indicators": {
        "rsi": -1,
        "ema": 1,
        "macd": 0.29,
        "bb": 0,
        "mom": 0.6,
        "inter": 0.97
      },
      "regime": "RANGE",
      "hurst": 0.02,
      "aligned": 3,
      "consensus": true
    },
    {
      "sym": "USOIL/USD",
      "signal": "BUY",
      "entry_price": 104.30999755859375,
      "sl": 102.804511972686,
      "tp": 107.32096873040926,
      "sent_at": 1779067852.924825,
      "message_id": 164,
      "checkpoints": [
        {
          "hours": 1,
          "at": 1779071452.924825,
          "done": false
        }
      ],
      "indicators": {
        "rsi": -1,
        "ema": 1,
        "macd": 1.0,
        "bb": -1,
        "mom": 0.6,
        "inter": 1.0
      },
      "regime": "RANGE",
      "hurst": 0.215,
      "aligned": 3,
      "consensus": true
    }
  ],
  "USD/CHF|BUY": 1779067852.924825,
  "NZD/USD|SELL": 1779062468.994947,
  "EUR/USD|SELL": 1779060650.882327,
  "AUD/USD|BUY": 1778712200.458527,
  "EUR/JPY|SELL": 1778850067.127447,
  "GBP/JPY|BUY": 1779059689.579696,
  "UKOIL/USD|SELL": 1778712200.458527,
  "USOIL/USD|SELL": 1778712200.458527,
  "results": [
    {
      "sym": "NZD/USD",
      "signal": "SELL",
      "correct": true,
      "date": "2026-05-15",
      "regime": "TREND"
    },
    {
      "sym": "EUR/JPY",
      "signal": "SELL",
      "correct": true,
      "date": "2026-05-15",
      "regime": "RANGE"
    },
    {
      "sym": "XAU/USD",
      "signal": "SELL",
      "correct": true,
      "date": "2026-05-15",
      "regime": "NEUTRAL"
    },
    {
      "sym": "UKOIL/USD",
      "signal": "BUY",
      "correct": true,
      "date": "2026-05-15",
      "regime": "RANGE"
    },
    {
      "sym": "EUR/GBP",
      "signal": "SELL",
      "correct": true,
      "date": "2026-05-15",
      "regime": "NEUTRAL"
    },
    {
      "sym": "NZD/USD",
      "signal": "SELL",
      "correct": true,
      "date": "2026-05-15",
      "regime": "TREND"
    },
    {
      "sym": "AUD/USD",
      "signal": "SELL",
      "correct": false,
      "date": "2026-05-15",
      "regime": "RANGE"
    },
    {
      "sym": "EUR/JPY",
      "signal": "SELL",
      "correct": false,
      "date": "2026-05-15",
      "regime": "RANGE"
    },
    {
      "sym": "XAU/USD",
      "signal": "SELL",
      "correct": false,
      "date": "2026-05-15",
      "regime": "TREND"
    },
    {
      "sym": "XAG/USD",
      "signal": "SELL",
      "correct": false,
      "date": "2026-05-15",
      "regime": "RANGE"
    },
    {
      "sym": "UKOIL/USD",
      "signal": "BUY",
      "correct": false,
      "date": "2026-05-15",
      "regime": "RANGE"
    },
    {
      "sym": "EUR/USD",
      "signal": "BUY",
      "correct": true,
      "date": "2026-05-16",
      "regime": "RANGE"
    },
    {
      "sym": "GBP/USD",
      "signal": "BUY",
      "correct": false,
      "date": "2026-05-16",
      "regime": "NEUTRAL"
    },
    {
      "sym": "XAU/USD",
      "signal": "BUY",
      "correct": true,
      "date": "2026-05-16",
      "regime": "NEUTRAL"
    },
    {
      "sym": "EUR/USD",
      "signal": "BUY",
      "correct": true,
      "date": "2026-05-16",
      "regime": "NEUTRAL"
    },
    {
      "sym": "GBP/USD",
      "signal": "BUY",
      "correct": false,
      "date": "2026-05-16",
      "regime": "NEUTRAL"
    },
    {
      "sym": "EUR/GBP",
      "signal": "SELL",
      "correct": false,
      "date": "2026-05-16",
      "regime": "RANGE"
    },
    {
      "sym": "USD/CHF",
      "signal": "SELL",
      "correct": true,
      "date": "2026-05-16",
      "regime": "RANGE"
    },
    {
      "sym": "USD/CHF",
      "signal": "SELL",
      "correct": true,
      "date": "2026-05-17",
      "regime": "RANGE"
    },
    {
      "sym": "GBP/JPY",
      "signal": "BUY",
      "correct": true,
      "date": "2026-05-17",
      "regime": "RANGE"
    },
    {
      "sym": "USD/JPY",
      "signal": "SELL",
      "correct": true,
      "date": "2026-05-17",
      "regime": "RANGE"
    },
    {
      "sym": "EUR/GBP",
      "signal": "SELL",
      "correct": false,
      "date": "2026-05-17",
      "regime": "RANGE"
    },
    {
      "sym": "EUR/USD",
      "signal": "BUY",
      "correct": true,
      "date": "2026-05-17",
      "regime": "RANGE"
    },
    {
      "sym": "USD/CAD",
      "signal": "SELL",
      "correct": true,
      "date": "2026-05-17",
      "regime": "RANGE"
    },
    {
      "sym": "GBP/USD",
      "signal": "BUY",
      "correct": false,
      "date": "2026-05-17",
      "regime": "RANGE"
    },
    {
      "sym": "EUR/GBP",
      "signal": "SELL",
      "correct": false,
      "date": "2026-05-17",
      "regime": "RANGE"
    },
    {
      "sym": "EUR/USD",
      "signal": "BUY",
      "correct": true,
      "date": "2026-05-17",
      "regime": "RANGE"
    },
    {
      "sym": "GBP/USD",
      "signal": "BUY",
      "correct": false,
      "date": "2026-05-17",
      "regime": "RANGE"
    },
    {
      "sym": "EUR/GBP",
      "signal": "SELL",
      "correct": false,
      "date": "2026-05-17",
      "regime": "RANGE"
    },
    {
      "sym": "GBP/JPY",
      "signal": "SELL",
      "correct": false,
      "date": "2026-05-17",
      "regime": "RANGE"
    },
    {
      "sym": "GBP/USD",
      "signal": "BUY",
      "correct": true,
      "date": "2026-05-18",
      "regime": "RANGE"
    },
    {
      "sym": "XAU/USD",
      "signal": "BUY",
      "correct": true,
      "date": "2026-05-17",
      "regime": "RANGE"
    },
    {
      "sym": "XAU/USD",
      "signal": "BUY",
      "correct": true,
      "date": "2026-05-17",
      "regime": "RANGE"
    },
    {
      "sym": "GBP/USD",
      "signal": "SELL",
      "correct": true,
      "date": "2026-05-18",
      "regime": "RANGE"
    },
    {
      "sym": "EUR/GBP",
      "signal": "BUY",
      "correct": false,
      "date": "2026-05-18",
      "regime": "RANGE"
    },
    {
      "sym": "GBP/JPY",
      "signal": "BUY",
      "correct": false,
      "date": "2026-05-18",
      "regime": "RANGE"
    },
    {
      "sym": "UKOIL/USD",