{
  "GBP/USD|SELL": 1778693846.700291,
  "USD/JPY|BUY": 1778693846.700291,
  "USD/CAD|BUY": 1778712200.458527,
  "EUR/GBP|SELL": 1778841052.33607,
  "GBP/JPY|SELL": 1778665333.167377,
  "XAU/USD|SELL": 1778850067.127447,
  "XAG/USD|BUY": 1778712200.458527,
  "UKOIL/USD|BUY": 1778833443.361124,
  "USOIL/USD|BUY": 1778665333.167377,
  "pending_validations": [
    {
      "sym": "EUR/JPY",
      "signal": "SELL",
      "entry_price": 184.3280029296875,
      "sl": 184.58975133472111,
      "tp": 183.8045061196203,
      "sent_at": 1778850067.127447,
      "message_id": 95,
      "checkpoints": [
        {
          "hours": 1,
          "at": 1778853667.127447,
          "done": false
        }
      ],
      "indicators": {
        "rsi": 1,
        "ema": -1,
        "macd": -0.17,
        "bb": 0,
        "mom": -0.6,
        "inter": 0.0
      },
      "regime": "RANGE",
      "hurst": 0.273,
      "aligned": 3,
      "consensus": true
    },
    {
      "sym": "XAU/USD",
      "signal": "SELL",
      "entry_price": 4554.7998046875,
      "sl": 4588.7183818181065,
      "tp": 4486.962650426287,
      "sent_at": 1778850067.127447,
      "message_id": 96,
      "checkpoints": [
        {
          "hours": 1,
          "at": 1778853667.127447,
          "done": false
        }
      ],
      "indicators": {
        "rsi": 1,
        "ema": -1,
        "macd": -0.16,
        "bb": 0,
        "mom": -0.6,
        "inter": -0.71
      },
      "regime": "TREND",
      "hurst": 0.628,
      "aligned": 3,
      "consensus": true
    },
    {
      "sym": "XAG/USD",
      "signal": "SELL",
      "entry_price": 76.56500244140625,
      "sl": 78.45513595087174,
      "tp": 72.7847354224753,
      "sent_at": 1778853666.940891,
      "message_id": 98,
      "checkpoints": [
        {
          "hours": 1,
          "at": 1778857266.940891,
          "done": false
        }
      ],
      "indicators": {
        "rsi": 1,
        "ema": -1,
        "macd": -0.13,
        "bb": 0,
        "mom": -0.6,
        "inter": -1.0
      },
      "regime": "RANGE",
      "hurst": 0.426,
      "aligned": 3,
      "consensus": true
    }
  ],
  "USD/CHF|BUY": 1778693846.700291,
  "NZD/USD|SELL": 1778844654.428844,
  "EUR/USD|SELL": 1778693846.700291,
  "AUD/USD|BUY": 1778712200.458527,
  "EUR/JPY|SELL": 1778850067.127447,
  "GBP/JPY|BUY": 1778712200.458527,
  "UKOIL/USD|SELL": 1778712200.458527,
  "USOIL/USD|SELL": 1778712200.458527,
  "results": [
    {
      "sym": "NZD/USD",
      "signal": "SELL",
      "correct": true,
      "date": "2026-05-15",
      "regime": "TREND"
    },
    {
      "sym": "EUR/JPY",
      "signal": "SELL",
      "correct": true,
      "date": "2026-05-15",
      "regime": "RANGE"
    },
    {
      "sym": "XAU/USD",
      "signal": "SELL",
      "correct": true,
      "date": "2026-05-15",
      "regime": "NEUTRAL"
    },
    {
      "sym": "UKOIL/USD",
      "signal": "BUY",
      "correct": true,
      "date": "2026-05-15",
      "regime": "RANGE"
    },
    {
      "sym": "EUR/GBP",
      "signal": "SELL",
      "correct": true,
      "date": "2026-05-15",
      "regime": "NEUTRAL"
    },
    {
      "sym": "NZD/USD",
      "signal": "SELL",
      "correct": true,
      "date": "2026-05-15",
      "regime": "TREND"
    },
    {
      "sym": "AUD/USD",
      "signal": "SELL",
      "correct": false,
      "date": "2026-05-15",
      "regime": "RANGE"
    }
  ],
  "AUD/USD|SELL": 1778848251.923718,
  "XAG/USD|SELL": 1778853666.940891
}